ONTOLOGY,ID,Description,BgRatio,pvalue,p.adjust,qvalue,geneID,Count,GeneRatio,panel,comparison,neg_log10_pvalue
MF,GO:0005201,extracellular matrix structural constituent,172/18368,2.16478269226827e-12,1.4395804903584e-09,1.36723117406417e-09,MFAP5/CTHRC1/FBN2/COL6A3/ABI3BP/DCN/FBN1/EFEMP1/COL1A2/LUM/SRPX2/SRPX/COL4A1/FBLN2/COL5A1/FBLN5/FN1/COL3A1/PRELP/LAMA2/BGN/EMILIN2/VCAN/MGP,24,24/430,F,LCa_ctrl_vs_disease,11.664585692975958
CC,GO:0062023,collagen-containing extracellular matrix,425/19550,6.10939804103679e-12,2.8775264773283304e-09,2.2894165290622102e-09,MFAP5/CTHRC1/FBN2/COL6A3/ABI3BP/DCN/FBN1/S100A6/VIT/EFEMP1/S100A10/ANXA1/ANXA2/COL1A2/LUM/SRPX2/SRPX/CXCL12/SERPINF1/TIMP1/COL4A1/LMAN1/FBLN2/CLU/COL5A1/FBLN5/FN1/COL3A1/S100A4/CTSH/PRELP/LAMA2/BGN/EMILIN2/VCAN/MGP,36,36/433,F,LCa_ctrl_vs_disease,11.214001578682954
CC,GO:0005925,focal adhesion,418/19550,1.22753672125911e-09,2.8908489785652e-07,2.30001617246443e-07,PROCR/CD44/FOCAD/THY1/AIF1L/CYBA/LIMA1/ANXA1/FERMT1/YWHAE/ACTR3/ADAM17/MAPRE1/REXO2/CORO1C/TWF1/ARF1/HACD3/PFN1/EPB41L2/DAB2/ACTR2/CLTC/GJA1/IGF2R/SDCBP/YWHAG/PARVA/FHL1/TSPAN4/RAB10/DLC1,32,32/433,F,LCa_ctrl_vs_disease,8.910965507268815
CC,GO:0030055,cell-substrate junction,425/19550,1.8492174366648102e-09,2.90327137556375e-07,2.30989967527254e-07,PROCR/CD44/FOCAD/THY1/AIF1L/CYBA/LIMA1/ANXA1/FERMT1/YWHAE/ACTR3/ADAM17/MAPRE1/REXO2/CORO1C/TWF1/ARF1/HACD3/PFN1/EPB41L2/DAB2/ACTR2/CLTC/GJA1/IGF2R/SDCBP/YWHAG/PARVA/FHL1/TSPAN4/RAB10/DLC1,32,32/433,F,LCa_ctrl_vs_disease,8.733012020159542
CC,GO:0005788,endoplasmic reticulum lumen,313/19550,1.46690081469772e-07,1.7272757093e-05,1.37425444745e-05,C3/FSTL1/COL6A3/FBN1/STS/ACE2/COL1A2/ADAM17/PDIA4/TIMP1/COL4A1/P4HA1/ERLEC1/CHRDL1/MYDGF/CLU/COL5A1/IGFBP3/FN1/COL3A1/MIA3/EDEM3/CSF1/VCAN,24,24/433,F,LCa_ctrl_vs_disease,6.833599250223332
CC,GO:0031252,cell leading edge,422/19550,9.18566942785185e-07,8.65290060103e-05,6.88441750803e-05,CD44/THY1/TUBG1/S100A6/AIF1L/DBNL/LIMA1/ANXA2/FERMT1/MYO1C/ACTR3/ADAM17/DYNLT1/PSD3/ABI2/CORO1C/ABLIM1/TWF1/APPL1/ARF1/CAPZB/ACTR2/PARVA/S100A11/CAPG/ARPIN/DLC1,27,27/433,F,LCa_ctrl_vs_disease,6.036889187945212
CC,GO:0030120,vesicle coat,54/19550,2.5956979481e-06,0.0001947513884389,0.000154948026113,COPG1/AP1S2/COPB1/SEC24D/SEC13/SEC31A/CLTC/SEC23A/COPA,9,9/433,F,LCa_ctrl_vs_disease,5.585745846195844
MF,GO:0097493,structural molecule activity conferring elasticity,11/18368,2.8254925632e-06,0.0009394762772872,0.0008922608094536,FBN2/FBN1/FBLN2/FBLN5/EMILIN2,5,5/430,F,LCa_ctrl_vs_disease,5.548905831443575
CC,GO:0030662,coated vesicle membrane,181/19550,2.894394308e-06,0.0001947513884389,0.000154948026113,HLA-G/COPG1/KDELR3/DBNL/AP1S2/HIP1/COPB1/SEC24D/LMAN1/SEC13/DAB2/SEC31A/CLTC/SEC23A/IGF2R/COPA,16,16/433,F,LCa_ctrl_vs_disease,5.538442304549568
CC,GO:0005581,collagen trimer,87/19550,3.4213622937e-06,0.0002014327050461,0.0001602638127085,CTHRC1/COL6A3/DCN/COLEC12/COL1A2/LUM/COL4A1/LOX/COL5A1/COL3A1/EMILIN2,11,11/433,F,LCa_ctrl_vs_disease,5.465800935220423
CC,GO:0030117,membrane coat,89/19550,4.2881117912e-06,0.0002019700653658,0.0001606913471231,COPG1/AP1S2/COPB1/SEC24D/AP3S1/SEC13/SEC31A/CLTC/SEC23A/IGF2R/COPA,11,11/433,F,LCa_ctrl_vs_disease,5.367733901097837
CC,GO:0048475,coated membrane,89/19550,4.2881117912e-06,0.0002019700653658,0.0001606913471231,COPG1/AP1S2/COPB1/SEC24D/AP3S1/SEC13/SEC31A/CLTC/SEC23A/IGF2R/COPA,11,11/433,F,LCa_ctrl_vs_disease,5.367733901097837
CC,GO:0005798,Golgi-associated vesicle,96/19550,9.013970427e-06,0.0003859618246474,0.0003070788011498,COPG1/KDELR3/AP1S2/CHIC2/COPB1/ARF1/RAB8B/CLTC/GJA1/IGF2R/COPA,11,11/433,F,LCa_ctrl_vs_disease,5.045083871094394
BP,GO:0048193,Golgi vesicle transport,296/18723,1.0506059503e-05,0.0166429206824962,0.0151190195096937,COPG1/KDELR3/GAS1/NAPG/PITPNB/COG2/COPB1/SEC24D/LMAN1/ARF1/AP3S1/SEC13/RAB8B/VPS13C/MIA3/SEC31A/SEC23A/COG5/COPA/RAB10,20,20/414,F,LCa_ctrl_vs_disease,4.978560143819283
CC,GO:0001726,ruffle,178/19550,1.0542011227e-05,0.0004137739406624,0.0003292066663891,S100A6/AIF1L/DBNL/LIMA1/ANXA2/FERMT1/MYO1C/ADAM17/PSD3/CORO1C/TWF1/APPL1/S100A11/CAPG/DLC1,15,15/433,F,LCa_ctrl_vs_disease,4.97707652560716
BP,GO:0016050,vesicle organization,300/18723,1.27885496627e-05,0.0166429206824962,0.0151190195096937,KNL1/ACRBP/S100A10/ANXA1/ANXA2/SRPX/SPG11/SEC24D/CHMP2B/CORO1C/ARF1/SEC13/RAB8B/MIA3/SEC31A/SEC23A/SDCBP/CD34/STX8/PLA2G5,20,20/414,F,LCa_ctrl_vs_disease,4.893178705654389
BP,GO:0090110,COPII-coated vesicle cargo loading,15/18723,1.29048234808e-05,0.0166429206824962,0.0151190195096937,SEC24D/SEC13/MIA3/SEC31A/SEC23A,5,5/414,F,LCa_ctrl_vs_disease,4.889247931595805
BP,GO:1902743,regulation of lamellipodium organization,54/18723,2.28132380028e-05,0.0220661044582474,0.0200456320240748,CD44/ACTR3/ABI2/CORO1C/TWF1/CAPZB/ACTR2/ARPIN,8,8/414,F,LCa_ctrl_vs_disease,4.64181306864945
CC,GO:0042470,melanosome,109/19550,3.03244441115e-05,0.0010202009411825,0.0008116918874979,CD63/CTNS/ANXA2/RAB2A/YWHAE/PDIA4/SERPINF1/ATP1B3/CLTC/SDCBP/CAPG,11,11/433,F,LCa_ctrl_vs_disease,4.518207151599753
CC,GO:0048770,pigment granule,109/19550,3.03244441115e-05,0.0010202009411825,0.0008116918874979,CD63/CTNS/ANXA2/RAB2A/YWHAE/PDIA4/SERPINF1/ATP1B3/CLTC/SDCBP/CAPG,11,11/433,F,LCa_ctrl_vs_disease,4.518207151599753
BP,GO:0006888,endoplasmic reticulum to Golgi vesicle-mediated transport,130/18723,3.20213386737e-05,0.0247781118657607,0.0225093157540436,COPG1/KDELR3/GAS1/COPB1/SEC24D/LMAN1/ARF1/SEC13/MIA3/SEC31A/SEC23A/COPA,12,12/414,F,LCa_ctrl_vs_disease,4.494560516062929
CC,GO:0034774,secretory granule lumen,322/19550,3.64774597757e-05,0.0011453922369585,0.000911296538959,C3/DBNL/PSMD12/ANXA2/DYNLT1/PGM2/MAGED2/TIMP1/PTGES2/CLU/FN1/CTSH/ACTR2/ILF2/GNS/SDCBP/ACTR10/S100A11/PYGL/PSMB7,20,20/433,F,LCa_ctrl_vs_disease,4.437975412772569
CC,GO:0060205,cytoplasmic vesicle lumen,325/19550,4.15582698476e-05,0.0011589541164827,0.0009220866364238,C3/DBNL/PSMD12/ANXA2/DYNLT1/PGM2/MAGED2/TIMP1/PTGES2/CLU/FN1/CTSH/ACTR2/ILF2/GNS/SDCBP/ACTR10/S100A11/PYGL/PSMB7,20,20/433,F,LCa_ctrl_vs_disease,4.381342541270803
CC,GO:0030135,coated vesicle,299/19550,4.18306156692e-05,0.0011589541164827,0.0009220866364238,HLA-G/COPG1/KDELR3/DBNL/AP1S2/GPR107/HIP1/COPB1/SEC24D/LMAN1/ARF1/SEC13/RAB8B/DAB2/SEC31A/CLTC/SEC23A/IGF2R/COPA,19,19/433,F,LCa_ctrl_vs_disease,4.37850574336179
CC,GO:0031983,vesicle lumen,327/19550,4.52873354118e-05,0.0011850186099422,0.0009428240588656,C3/DBNL/PSMD12/ANXA2/DYNLT1/PGM2/MAGED2/TIMP1/PTGES2/CLU/FN1/CTSH/ACTR2/ILF2/GNS/SDCBP/ACTR10/S100A11/PYGL/PSMB7,20,20/433,F,LCa_ctrl_vs_disease,4.344023231315164
BP,GO:1901888,regulation of cell junction assembly,204/18723,5.10808606736e-05,0.0248514441554285,0.0225759334072386,THY1/APOD/S100A10/ACE2/MYO1C/SRPX2/EIF4G1/CORO1C/PTPRD/UBE2V2/ROCK2/GJA1/LRRTM3/VPS35/DLC1,15,15/414,F,LCa_ctrl_vs_disease,4.291741793815706
BP,GO:0006900,vesicle budding from membrane,61/18723,5.64241149749e-05,0.0248514441554285,0.0225759334072386,S100A10/ANXA2/SEC24D/ARF1/SEC13/MIA3/SEC31A/SEC23A,8,8/414,F,LCa_ctrl_vs_disease,4.248535244204683
BP,GO:0030511,positive regulation of transforming growth factor beta receptor signaling pathway,32/18723,6.2735422225e-05,0.0248514441554285,0.0225759334072386,FERMT1/ADAM17/SNW1/DAB2/SDCBP/HIPK2,6,6/414,F,LCa_ctrl_vs_disease,4.202487174751369
BP,GO:1903846,positive regulation of cellular response to transforming growth factor beta stimulus,32/18723,6.2735422225e-05,0.0248514441554285,0.0225759334072386,FERMT1/ADAM17/SNW1/DAB2/SDCBP/HIPK2,6,6/414,F,LCa_ctrl_vs_disease,4.202487174751369
BP,GO:0007160,cell-matrix adhesion,233/18723,6.58234633874e-05,0.0248514441554285,0.0225759334072386,CD44/CD63/THY1/APOD/S100A10/FERMT1/BCL6/CORO1C/FBLN5/EPDR1/FN1/COL3A1/ROCK2/CSF1/CD34/DLC1,16,16/414,F,LCa_ctrl_vs_disease,4.1816192704697075
BP,GO:0006891,intra-Golgi vesicle-mediated transport,33/18723,7.52577297944e-05,0.0248514441554285,0.0225759334072386,COPG1/NAPG/COG2/COPB1/COG5/COPA,6,6/414,F,LCa_ctrl_vs_disease,4.1234488866358125
BP,GO:0008064,regulation of actin polymerization or depolymerization,188/18723,7.88728819186e-05,0.0248514441554285,0.0225759334072386,DBNL/LIMA1/MYO1C/CXCL12/ACTR3/CDC42EP2/ABI2/TWF1/ARF1/PFN1/CAPZB/ACTR2/CAPG/ARPIN,14,14/414,F,LCa_ctrl_vs_disease,4.1030722902950725
CC,GO:0098644,complex of collagen trimers,21/19550,7.90520223897e-05,0.0019596580287136,0.0015591423806504,COL1A2/LUM/COL4A1/COL5A1/COL3A1,5,5/433,F,LCa_ctrl_vs_disease,4.102087015023968
BP,GO:0030832,regulation of actin filament length,189/18723,8.35018800776e-05,0.0248514441554285,0.0225759334072386,DBNL/LIMA1/MYO1C/CXCL12/ACTR3/CDC42EP2/ABI2/TWF1/ARF1/PFN1/CAPZB/ACTR2/CAPG/ARPIN,14,14/414,F,LCa_ctrl_vs_disease,4.078303746095617
MF,GO:0048407,platelet-derived growth factor binding,11/18368,8.57802073141e-05,0.0190146126213078,0.0180589910135096,COL1A2/COL4A1/COL5A1/COL3A1,4,4/430,F,LCa_ctrl_vs_disease,4.066612908490267
CC,GO:1904813,ficolin-1-rich granule lumen,124/19550,9.9386138554e-05,0.0021841088365029,0.0017377198475696,DBNL/PSMD12/DYNLT1/PGM2/CTSH/ACTR2/ILF2/GNS/ACTR10/PYGL/PSMB7,11,11/433,F,LCa_ctrl_vs_disease,4.002674182698184
CC,GO:0005583,fibrillar collagen trimer,12/19550,0.0001020178225118,0.0021841088365029,0.0017377198475696,COL1A2/LUM/COL5A1/COL3A1,4,4/433,F,LCa_ctrl_vs_disease,3.9913239503716023
CC,GO:0098643,banded collagen fibril,12/19550,0.0001020178225118,0.0021841088365029,0.0017377198475696,COL1A2/LUM/COL5A1/COL3A1,4,4/433,F,LCa_ctrl_vs_disease,3.9913239503716023
BP,GO:0051258,protein polymerization,297/18723,0.0001176885325172,0.0325240665935226,0.029546015795125,TPPP2/TUBG1/DBNL/MYO1C/ACTR3/CDC42EP2/MAPRE1/CCDC57/ABI2/TWF1/ARF1/VDAC2/PFN1/CAPZB/TUBGCP5/ACTR2/CAPG/ARPIN,18,18/414,F,LCa_ctrl_vs_disease,3.9292658524253
MF,GO:0030021,extracellular matrix structural constituent conferring compression resistance,22/18368,0.0001301596385134,0.0216390399028551,0.0205515218705391,DCN/LUM/PRELP/BGN/VCAN,5,5/430,F,LCa_ctrl_vs_disease,3.885523666216355
BP,GO:0007018,microtubule-based movement,382/18723,0.0001302521243629,0.0335963646106713,0.030520129350718,CABS1/DNAH5/AKAP4/ROPN1B/TPPP2/ROPN1L/LCA5L/COPG1/FEZ1/TTLL1/SPG11/ACTR3/DYNLT1/KIFC3/AP3S1/TTLL3/DYNLRB2/ACTR2/UCHL1/DYNC1I2/ACTR10,21,21/414,F,LCa_ctrl_vs_disease,3.8852151847918823
CC,GO:0005775,vacuolar lumen,174/19550,0.0001392933772111,0.0028524861159322,0.0022694939261858,C3/DCN/ANXA2/LUM/PTGES2/EPDR1/ACTR2/PRELP/GNS/SDCBP/BGN/ACTR10/VCAN,13,13/433,F,LCa_ctrl_vs_disease,3.856069531882205
BP,GO:0110053,regulation of actin filament organization,278/18723,0.0001625938940643,0.0383148939850133,0.0348066088111873,DBNL/S100A10/LIMA1/MYO1C/CXCL12/ACTR3/CDC42EP2/ABI2/TWF1/ARF1/PFN1/CAPZB/ACTR2/ROCK2/CAPG/ARPIN/DLC1,17,17/414,F,LCa_ctrl_vs_disease,3.7888957676224684
BP,GO:0097581,lamellipodium organization,90/18723,0.0001683518215934,0.0383148939850133,0.0348066088111873,CD44/ACTR3/ABI2/CORO1C/ABLIM1/TWF1/CAPZB/ACTR2/ARPIN,9,9/414,F,LCa_ctrl_vs_disease,3.773782180115323
CC,GO:0030660,Golgi-associated vesicle membrane,54/19550,0.0001796316000089,0.0035252701501763,0.0028047741054034,COPG1/KDELR3/AP1S2/COPB1/CLTC/GJA1/COPA,7,7/433,F,LCa_ctrl_vs_disease,3.7456172617538206
BP,GO:0051653,spindle localization,56/18723,0.0002238642713738,0.0457629345020347,0.041572673015547,ASPM/ACTR3/DYNLT1/MCPH1/ACTR2/GJA1/SPDL1,7,7/414,F,LCa_ctrl_vs_disease,3.6500152140733646
BP,GO:0032271,regulation of protein polymerization,233/18723,0.0002247339766189,0.0457629345020347,0.041572673015547,TPPP2/DBNL/MYO1C/ACTR3/CDC42EP2/MAPRE1/ABI2/TWF1/ARF1/VDAC2/PFN1/CAPZB/ACTR2/CAPG/ARPIN,15,15/414,F,LCa_ctrl_vs_disease,3.648331263394816
CC,GO:0030127,COPII vesicle coat,15/19550,0.0002668536836447,0.0050275233998665,0.0039999962685272,SEC24D/SEC13/SEC31A/SEC23A,4,4/433,F,LCa_ctrl_vs_disease,3.5737267978237637
MF,GO:0045296,cadherin binding,332/18368,0.0003314365817363,0.0440810653709311,0.041865673482483,PKP2/COBLL1/DBNL/LIMA1/ANXA1/ANXA2/YWHAE/LYPLA2/MAPRE1/GIGYF2/CHMP2B/TWF1/PFN1/CAPZB/ABCF3/PARVA/S100A11/CAPG/RAB10,19,19/430,F,LCa_ctrl_vs_disease,3.4795995587729958
CC,GO:0030137,COPI-coated vesicle,28/19550,0.0003360393247475,0.0060874816136964,0.0048433198222727,COPG1/KDELR3/COPB1/ARF1/COPA,5,5/433,F,LCa_ctrl_vs_disease,3.4736098966533047
CC,GO:0005732,sno(s)RNA-containing ribonucleoprotein complex,30/19550,0.0004698457122174,0.008196197424238,0.0065210554990026,NOLC1/POP5/RPP40/POP4/NOP58,5,5/433,F,LCa_ctrl_vs_disease,3.3280447321348423
MF,GO:0019838,growth factor binding,141/18368,0.0004907352835144,0.0487272812131997,0.0462783834236958,OSMR/COL1A2/SRPX2/COL4A1/COL5A1/IGFBP3/COL3A1/IL6ST/IGF2R/SDCBP/DUSP1,11,11/430,F,LCa_ctrl_vs_disease,3.3091527154351823
MF,GO:0003785,actin monomer binding,29/18368,0.0005129187496126,0.0487272812131997,0.0462783834236958,COBLL1/LIMA1/TWF1/MYL4/PFN1,5,5/430,F,LCa_ctrl_vs_disease,3.289951425121304
CC,GO:0030663,COPI-coated vesicle membrane,18/19550,0.0005675221826414,0.0095465338580036,0.0075954096624188,COPG1/KDELR3/COPB1/COPA,4,4/433,F,LCa_ctrl_vs_disease,3.246017158609775
CC,GO:0005839,proteasome core complex,20/19550,0.0008676232477972,0.0139674276843161,0.0111127595387563,PSMA7/PSMA3/PSMA4/PSMB7,4,4/433,F,LCa_ctrl_vs_disease,3.0616688196652513
CC,GO:0101002,ficolin-1-rich granule,185/19550,0.0008896450754341,0.0139674276843161,0.0111127595387563,DBNL/PSMD12/DYNLT1/COPB1/PGM2/CTSH/ACTR2/ILF2/GNS/ACTR10/PYGL/PSMB7,12,12/433,F,LCa_ctrl_vs_disease,3.05078322090999
CC,GO:0030133,transport vesicle,412/19550,0.000935497927925,0.0141890203578097,0.0112890630179467,HLA-G/COPG1/KDELR3/AP1S2/COPB1/SEC24D/LMAN1/NRSN2/PAM/AP3S1/SEC13/RAB8B/VDAC2/SEC31A/CLTC/SEC23A/IGF2R/BGN/COPA/RAB10,20,20/433,F,LCa_ctrl_vs_disease,3.0289571701006204
CC,GO:0045335,phagocytic vesicle,137/19550,0.0009640098756898,0.0141890203578097,0.0112890630179467,HLA-G/CYBA/MYO1C/CDC42EP2/APPL1/RAB8B/ATP6V0E1/STX8/RAB10/PLA2G5,10,10/433,F,LCa_ctrl_vs_disease,3.0159185169938327
CC,GO:0000172,ribonuclease MRP complex,10/19550,0.0011530471985123,0.0159730950146858,0.0127085078226129,POP5/RPP40/POP4,3,3/433,F,LCa_ctrl_vs_disease,2.9381529150523007
CC,GO:0030681,multimeric ribonuclease P complex,10/19550,0.0011530471985123,0.0159730950146858,0.0127085078226129,POP5/RPP40/POP4,3,3/433,F,LCa_ctrl_vs_disease,2.9381529150523007
CC,GO:0005604,basement membrane,96/19550,0.0013152697326053,0.0176997726873465,0.0140822864603762,FBN1/ANXA2/SERPINF1/TIMP1/COL4A1/COL5A1/FN1/LAMA2,8,8/433,F,LCa_ctrl_vs_disease,2.8809851738894348
CC,GO:0032587,ruffle membrane,99/19550,0.0016035830572256,0.0204131789176558,0.0162411257004927,AIF1L/FERMT1/MYO1C/ADAM17/PSD3/CORO1C/TWF1/DLC1,8,8/433,F,LCa_ctrl_vs_disease,2.794908540967476
CC,GO:1905368,peptidase complex,99/19550,0.0016035830572256,0.0204131789176558,0.0162411257004927,PSMD12/TADA2A/PSMA7/TADA3/PSMA3/SPCS3/PSMA4/PSMB7,8,8/433,F,LCa_ctrl_vs_disease,2.794908540967476
CC,GO:0030027,lamellipodium,202/19550,0.0018862381498204,0.0233794254885634,0.0186011296768992,CD44/DBNL/ACTR3/DYNLT1/ABI2/CORO1C/ABLIM1/CAPZB/ACTR2/PARVA/CAPG/ARPIN,12,12/433,F,LCa_ctrl_vs_disease,2.724403475637176
CC,GO:0001527,microfibril,12/19550,0.0020453032944538,0.0247009705560964,0.0196525768643878,MFAP5/FBN2/FBN1,3,3/433,F,LCa_ctrl_vs_disease,2.68924228211092
CC,GO:0012507,ER to Golgi transport vesicle membrane,62/19550,0.0024607194857539,0.0289749719447521,0.0230530562349575,HLA-G/SEC24D/LMAN1/SEC13/SEC31A/SEC23A,6,6/433,F,LCa_ctrl_vs_disease,2.6089378916741945
CC,GO:0030126,COPI vesicle coat,13/19550,0.002615458358399,0.0300458752879495,0.0239050879483965,COPG1/COPB1/COPA,3,3/433,F,LCa_ctrl_vs_disease,2.5824521901314785
CC,GO:0031514,motile cilium,214/19550,0.0030356095539791,0.0340421928553377,0.0270846366219695,CABS1/DNAH5/AKAP4/ROPN1B/SLC25A31/TPPP2/ROPN1L/TCP11/ANXA1/ATP1B3/CAPZB/TTLL3,12,12/433,F,LCa_ctrl_vs_disease,2.5177540889876933
CC,GO:0030677,ribonuclease P complex,14/19550,0.0032744475327321,0.0358666229748097,0.0285361890245441,POP5/RPP40/POP4,3,3/433,F,LCa_ctrl_vs_disease,2.4848619639853653
CC,GO:0045121,membrane raft,335/19550,0.0034406055762439,0.0360116716980195,0.02865159263492,THY1/MYOF/S100A10/ANXA2/ACE2/MYO1C/RFTN1/ADAM17/CORO1C/IRS1/ATP1B3/IL6ST/GJA1/SDCBP/DLC1/CFLAR,16,16/433,F,LCa_ctrl_vs_disease,2.463365111127672
CC,GO:0098857,membrane microdomain,335/19550,0.0034406055762439,0.0360116716980195,0.02865159263492,THY1/MYOF/S100A10/ANXA2/ACE2/MYO1C/RFTN1/ADAM17/CORO1C/IRS1/ATP1B3/IL6ST/GJA1/SDCBP/DLC1/CFLAR,16,16/433,F,LCa_ctrl_vs_disease,2.463365111127672
CC,GO:0035578,azurophil granule lumen,91/19550,0.0040833699657388,0.0418101576926743,0.0332649818719232,C3/ANXA2/PTGES2/ACTR2/GNS/SDCBP/ACTR10,7,7/433,F,LCa_ctrl_vs_disease,2.38898126989335
CC,GO:0005684,U2-type spliceosomal complex,92/19550,0.0043375710895103,0.0434679996416892,0.0345839934572385,SNRPA1/SNW1/DHX16/CASC3/PRPF38A/LUC7L3/BUD13,7,7/433,F,LCa_ctrl_vs_disease,2.3627533943845753
BP,GO:0045646,regulation of erythrocyte differentiation,47/18723,2.83722608015711e-07,0.0005273934200303,0.0004444628572253,HSPA1A/ZFP36/HSPA1B/INHBA/ZFP36L1/MAFB,6,6/108,G,LCa_disease_vs_ctrl,6.547106056712883
BP,GO:0030218,erythrocyte differentiation,120/18723,4.64254771153494e-07,0.0005273934200303,0.0004444628572253,TGFBR3/HSPA1A/ZFP36/HSPA1B/INHBA/ZFP36L1/MAFB/ID2,8,8/108,G,LCa_disease_vs_ctrl,6.333243624314111
BP,GO:0034101,erythrocyte homeostasis,129/18723,8.0689193724405e-07,0.0006110861604728,0.0005149952399462,TGFBR3/HSPA1A/ZFP36/HSPA1B/INHBA/ZFP36L1/MAFB/ID2,8,8/108,G,LCa_disease_vs_ctrl,6.093184624139245
BP,GO:0045639,positive regulation of myeloid cell differentiation,103/18723,2.1955611079e-06,0.0012470787093123,0.0010509804356186,FOS/JUN/HSPA1A/HSPA1B/INHBA/ZFP36L1/ID2,7,7/108,G,LCa_disease_vs_ctrl,5.658454470900998
BP,GO:0002262,myeloid cell homeostasis,157/18723,3.5395832254e-06,0.0013429191867164,0.0011317503709401,TGFBR3/HSPA1A/ZFP36/HSPA1B/INHBA/ZFP36L1/MAFB/ID2,8,8/108,G,LCa_disease_vs_ctrl,5.451047871749584
BP,GO:0045637,regulation of myeloid cell differentiation,210/18723,3.5464415142e-06,0.0013429191867164,0.0011317503709401,FOS/JUN/HSPA1A/ZFP36/HSPA1B/INHBA/ZFP36L1/MAFB/ID2,9,9/108,G,LCa_disease_vs_ctrl,5.450207197882178
BP,GO:0006401,RNA catabolic process,278/18723,4.7719337917e-06,0.0015488333678356,0.0013052853484493,HSPA1A/ZFP36/HSPA1B/ZFP36L2/ZFP36L1/HNRNPM/RBM8A/LRPPRC/TRIR/DICER1,10,10/108,G,LCa_disease_vs_ctrl,5.321305590588204
BP,GO:0045444,fat cell differentiation,229/18723,7.1669968358e-06,0.0020354271013737,0.0017153641111002,ZFP36/ADIRF/ZFP36L2/KLF4/ZFP36L1/HES1/RGS2/MAFB/ID2,9,9/108,G,LCa_disease_vs_ctrl,5.1446627872696675
BP,GO:0030099,myeloid cell differentiation,381/18723,1.26672534414e-05,0.0030245471472622,0.0025489488792021,FOS/JUNB/JUN/TGFBR3/HSPA1A/ZFP36/HSPA1B/INHBA/ZFP36L1/MAFB/ID2,11,11/108,G,LCa_disease_vs_ctrl,4.897317540171812
BP,GO:0030308,negative regulation of cell growth,188/18723,1.33122673735e-05,0.0030245471472622,0.0025489488792021,HSPA1A/HSPA1B/INHBA/BST2/SPAG9/RGS2/SMARCA2/RBBP7,8,8/108,G,LCa_disease_vs_ctrl,4.875747968271685
BP,GO:1901216,positive regulation of neuron death,97/18723,2.06783938542e-05,0.0042710282578857,0.0035994256862,FOS/EGR1/JUN/NUPR1/CAPN2/FIS1,6,6/108,G,LCa_disease_vs_ctrl,4.684483197074578
BP,GO:0034655,nucleobase-containing compound catabolic process,407/18723,2.33413166611e-05,0.0044192892878355,0.0037243732461883,HSPA1A/ZFP36/HSPA1B/ZFP36L2/ZFP36L1/HNRNPM/RBM8A/LRPPRC/DUT/TRIR/DICER1,11,11/108,G,LCa_disease_vs_ctrl,4.631874649467937
BP,GO:0045577,regulation of B cell differentiation,30/18723,2.5559982036e-05,0.0044670983989149,0.0037646645606126,ZFP36L2/INHBA/ZFP36L1/ID2,4,4/108,G,LCa_disease_vs_ctrl,4.592439455743246
BP,GO:0090084,negative regulation of inclusion body assembly,11/18723,2.97787470821e-05,0.0048326652407592,0.0040727474392796,HSPA1A/HSPA1B/DNAJB1,3,3/108,G,LCa_disease_vs_ctrl,4.526093578806043
BP,GO:0097201,negative regulation of transcription from RNA polymerase II promoter in response to stress,12/18723,3.95382886791e-05,0.0059887327919386,0.0050470278671869,JUN/HSPA1A/DNAJB1,3,3/108,G,LCa_disease_vs_ctrl,4.402982132020515
BP,GO:0061077,chaperone-mediated protein folding,67/18723,4.22806203204e-05,0.0060038480854999,0.005059766339661,HSPA1A/HSPA1B/HSPB6/PPIB/DNAJB1,5,5/108,G,LCa_disease_vs_ctrl,4.373858649563513
BP,GO:1903706,regulation of hemopoiesis,367/18723,5.21975982479e-05,0.0066351236998409,0.0055917763204274,FOS/JUN/HSPA1A/ZFP36/HSPA1B/ZFP36L2/INHBA/ZFP36L1/MAFB/ID2,10,10/108,G,LCa_disease_vs_ctrl,4.282349479596986
BP,GO:0046700,heterocycle catabolic process,445/18723,5.25670011431e-05,0.0066351236998409,0.0055917763204274,HSPA1A/ZFP36/HSPA1B/ZFP36L2/ZFP36L1/HNRNPM/RBM8A/LRPPRC/DUT/TRIR/DICER1,11,11/108,G,LCa_disease_vs_ctrl,4.279286798027274
BP,GO:0044270,cellular nitrogen compound catabolic process,451/18723,5.92867019982e-05,0.0067836543521307,0.0057169511056921,HSPA1A/ZFP36/HSPA1B/ZFP36L2/ZFP36L1/HNRNPM/RBM8A/LRPPRC/DUT/TRIR/DICER1,11,11/108,G,LCa_disease_vs_ctrl,4.2270427079249036
BP,GO:0033120,positive regulation of RNA splicing,37/18723,5.97152671842e-05,0.0067836543521307,0.0057169511056921,HSPA1A/RBM3/SRSF5/SF3B4,4,4/108,G,LCa_disease_vs_ctrl,4.223914620190764
BP,GO:0002761,regulation of myeloid leukocyte differentiation,120/18723,6.86762169494e-05,0.0074301126147197,0.0062617563223569,FOS/JUN/INHBA/ZFP36L1/MAFB/ID2,6,6/108,G,LCa_disease_vs_ctrl,4.163193636097768
BP,GO:0014706,striated muscle tissue development,384/18723,7.61090921276e-05,0.0076613447582609,0.0064566281112289,FOS/EGR1/TGFBR3/MYH11/NR2F2/RGS2/NUPR1/ID2/SGCB/NR1D2,10,10/108,G,LCa_disease_vs_ctrl,4.118563458538507
BP,GO:1900153,"positive regulation of nuclear-transcribed mRNA catabolic process, deadenylation-dependent decay",15/18723,8.07471821051e-05,0.0076613447582609,0.0064566281112289,ZFP36/ZFP36L2/ZFP36L1,3,3/108,G,LCa_disease_vs_ctrl,4.092872624632268
BP,GO:0019439,aromatic compound catabolic process,467/18723,8.09296981506e-05,0.0076613447582609,0.0064566281112289,HSPA1A/ZFP36/HSPA1B/ZFP36L2/ZFP36L1/HNRNPM/RBM8A/LRPPRC/DUT/TRIR/DICER1,11,11/108,G,LCa_disease_vs_ctrl,4.091892079424243
BP,GO:0045926,negative regulation of growth,249/18723,9.79854575233e-05,0.0086497427598192,0.0072896043736615,HSPA1A/HSPA1B/INHBA/BST2/SPAG9/RGS2/SMARCA2/RBBP7,8,8/108,G,LCa_disease_vs_ctrl,4.008838375185396
BP,GO:1902895,positive regulation of pri-miRNA transcription by RNA polymerase II,42/18723,9.89847322866e-05,0.0086497427598192,0.0072896043736615,FOS/EGR1/JUN/KLF4,4,4/108,G,LCa_disease_vs_ctrl,4.004431787170362
MF,GO:0042826,histone deacetylase binding,127/18368,0.0001098474919782,0.0352610449250309,0.0320292160820907,HSPA1A/HSPA1B/KLF4/HES1/BHLHE41/RBBP4,6,6/109,G,LCa_disease_vs_ctrl,3.9592098543780874
BP,GO:0060537,muscle tissue development,403/18723,0.0001132936321063,0.0093752884449903,0.0079010608234977,FOS/EGR1/TGFBR3/MYH11/NR2F2/RGS2/NUPR1/ID2/SGCB/NR1D2,10,10/108,G,LCa_disease_vs_ctrl,3.945794499834883
BP,GO:0061158,3'-UTR-mediated mRNA destabilization,17/18723,0.0001196669739897,0.0093752884449903,0.0079010608234977,ZFP36/ZFP36L2/ZFP36L1,3,3/108,G,LCa_disease_vs_ctrl,3.9220256908054703
BP,GO:0090083,regulation of inclusion body assembly,17/18723,0.0001196669739897,0.0093752884449903,0.0079010608234977,HSPA1A/HSPA1B/DNAJB1,3,3/108,G,LCa_disease_vs_ctrl,3.9220256908054703
BP,GO:1901361,organic cyclic compound catabolic process,495/18723,0.0001352233128978,0.0099098714610462,0.0083515827407538,HSPA1A/ZFP36/HSPA1B/ZFP36L2/ZFP36L1/HNRNPM/RBM8A/LRPPRC/DUT/TRIR/DICER1,11,11/108,G,LCa_disease_vs_ctrl,3.8689484282903837
BP,GO:1900151,"regulation of nuclear-transcribed mRNA catabolic process, deadenylation-dependent decay",18/18723,0.0001429983192388,0.0099098714610462,0.0083515827407538,ZFP36/ZFP36L2/ZFP36L1,3,3/108,G,LCa_disease_vs_ctrl,3.844669067077626
BP,GO:1901673,regulation of mitotic spindle assembly,18/18723,0.0001429983192388,0.0099098714610462,0.0083515827407538,HSPA1A/HSPA1B/CHMP5,3,3/108,G,LCa_disease_vs_ctrl,3.844669067077626
BP,GO:0016032,viral process,415/18723,0.0001439373935803,0.0099098714610462,0.0083515827407538,JUN/HSPA1A/ZFP36/HSPA1B/BST2/PCBP1/PPIB/GSN/CHMP5/LDLR,10,10/108,G,LCa_disease_vs_ctrl,3.8418263657859573
BP,GO:0043618,regulation of transcription from RNA polymerase II promoter in response to stress,47/18723,0.0001542818635459,0.0100329263788721,0.0084552877516532,EGR1/JUN/HSPA1A/DNAJB1,4,4/108,G,LCa_disease_vs_ctrl,3.81168512400088
BP,GO:0045598,regulation of fat cell differentiation,139/18723,0.0001545565243224,0.0100329263788721,0.0084552877516532,ZFP36/ADIRF/ZFP36L2/ZFP36L1/HES1/ID2,6,6/108,G,LCa_disease_vs_ctrl,3.8109126572625294
BP,GO:0048872,homeostasis of number of cells,272/18723,0.0001798894395583,0.0113530224076799,0.0095678038174433,TGFBR3/HSPA1A/ZFP36/HSPA1B/INHBA/ZFP36L1/MAFB/ID2,8,8/108,G,LCa_disease_vs_ctrl,3.7449943312413034
BP,GO:0002573,myeloid leukocyte differentiation,208/18723,0.0002039588936989,0.0125241785536208,0.0105548002173073,FOS/JUNB/JUN/INHBA/ZFP36L1/MAFB/ID2,7,7/108,G,LCa_disease_vs_ctrl,3.690457352371195
BP,GO:0007178,transmembrane receptor protein serine/threonine kinase signaling pathway,355/18723,0.0002152472576884,0.0128695202491605,0.0108458382752145,FOS/EGR1/JUN/TGFBR3/HSPA1A/INHBA/NBL1/LTBP4/HES1,9,9/108,G,LCa_disease_vs_ctrl,3.6670623728749216
BP,GO:0043620,regulation of DNA-templated transcription in response to stress,53/18723,0.0002466512251824,0.0143690149644743,0.0121095432822363,EGR1/JUN/HSPA1A/DNAJB1,4,4/108,G,LCa_disease_vs_ctrl,3.607916722939995
BP,GO:1902893,regulation of pri-miRNA transcription by RNA polymerase II,54/18723,0.0002652078513178,0.015063805954852,0.012695081093345,FOS/EGR1/JUN/KLF4,4,4/108,G,LCa_disease_vs_ctrl,3.576413623051867
BP,GO:0038066,p38MAPK cascade,55/18723,0.0002847465888779,0.0154034345221575,0.0129813043901985,GADD45B/ZFP36/ZFP36L1/GADD45G,4,4/108,G,LCa_disease_vs_ctrl,3.545541469848962
BP,GO:0061614,pri-miRNA transcription by RNA polymerase II,55/18723,0.0002847465888779,0.0154034345221575,0.0129813043901985,FOS/EGR1/JUN/KLF4,4,4/108,G,LCa_disease_vs_ctrl,3.545541469848962
BP,GO:0070841,inclusion body assembly,24/18723,0.000345870043624,0.0180498160432073,0.0152115527161759,HSPA1A/HSPA1B/DNAJB1,3,3/108,G,LCa_disease_vs_ctrl,3.461087051319499
BP,GO:0002763,positive regulation of myeloid leukocyte differentiation,58/18723,0.0003495562966114,0.0180498160432073,0.0152115527161759,FOS/JUN/ZFP36L1/ID2,4,4/108,G,LCa_disease_vs_ctrl,3.4564828704511332
BP,GO:0006417,regulation of translation,468/18723,0.000376422019916,0.0187223658113412,0.0157783466506809,ZFP36/RBM3/GAPDH/ZFP36L2/ZFP36L1/RGS2/CNBP/RBM8A/PPP1R15A/LRPPRC,10,10/108,G,LCa_disease_vs_ctrl,3.4243249791653607
BP,GO:0072012,glomerulus vasculature development,25/18723,0.0003913891599744,0.0187223658113412,0.0157783466506809,EGR1/ACTA2/HES1,3,3/108,G,LCa_disease_vs_ctrl,3.4073912068550616
BP,GO:0090169,regulation of spindle assembly,25/18723,0.0003913891599744,0.0187223658113412,0.0157783466506809,HSPA1A/HSPA1B/CHMP5,3,3/108,G,LCa_disease_vs_ctrl,3.4073912068550616
MF,GO:0031625,ubiquitin protein ligase binding,297/18368,0.0003935715269336,0.0454872172330361,0.0413181150141039,JUN/HSPA1A/UBC/SQSTM1/HSPA1B/TUBA1B/CKB/LRPPRC,8,8/109,G,LCa_disease_vs_ctrl,3.4049763282867067
BP,GO:0006402,mRNA catabolic process,232/18723,0.0003955429396762,0.0187223658113412,0.0157783466506809,HSPA1A/ZFP36/HSPA1B/ZFP36L2/ZFP36L1/HNRNPM/RBM8A,7,7/108,G,LCa_disease_vs_ctrl,3.4028063631089998
MF,GO:0035925,mRNA 3'-UTR AU-rich region binding,25/18368,0.000425114179748,0.0454872172330361,0.0413181150141039,ZFP36/ZFP36L2/ZFP36L1,3,3/109,G,LCa_disease_vs_ctrl,3.371494408832909
BP,GO:0061437,renal system vasculature development,27/18723,0.0004935887058212,0.02237318852596,0.0188550917015943,EGR1/ACTA2/HES1,3,3/108,G,LCa_disease_vs_ctrl,3.306634786283663
BP,GO:0061440,kidney vasculature development,27/18723,0.0004935887058212,0.02237318852596,0.0188550917015943,EGR1/ACTA2/HES1,3,3/108,G,LCa_disease_vs_ctrl,3.306634786283663
BP,GO:0019058,viral life cycle,317/18723,0.0005022150593415,0.02237318852596,0.0188550917015943,HSPA1A/HSPA1B/BST2/PCBP1/PPIB/GSN/CHMP5/LDLR,8,8/108,G,LCa_disease_vs_ctrl,3.299110268742059
BP,GO:0045600,positive regulation of fat cell differentiation,66/18723,0.0005731870143282,0.0250438633952664,0.0211058133413592,ZFP36/ADIRF/ZFP36L1/ID2,4,4/108,G,LCa_disease_vs_ctrl,3.2417036571956444
MF,GO:0044389,ubiquitin-like protein ligase binding,316/18368,0.0005926438347119,0.0475596677356357,0.0432006163724253,JUN/HSPA1A/UBC/SQSTM1/HSPA1B/TUBA1B/CKB/LRPPRC,8,8/109,G,LCa_disease_vs_ctrl,3.2272062292153376
BP,GO:0035914,skeletal muscle cell differentiation,67/18723,0.0006068953568049,0.0250487036526422,0.0211098924870997,FOS/EGR1/NUPR1/NR1D2,4,4/108,G,LCa_disease_vs_ctrl,3.2168861851684953
BP,GO:1903313,positive regulation of mRNA metabolic process,118/18723,0.000607070954779,0.0250487036526422,0.0211098924870997,ZFP36/RBM3/ZFP36L2/ZFP36L1/SF3B4,5,5/108,G,LCa_disease_vs_ctrl,3.216760545385926
BP,GO:0007517,muscle organ development,327/18723,0.000615818252424,0.0250487036526422,0.0211098924870997,FOS/EGR1/TGFBR3/NR2F2/NUPR1/SGCB/NR1D2/TAGLN,8,8/108,G,LCa_disease_vs_ctrl,3.2105474430561576
BP,GO:0071560,cellular response to transforming growth factor beta stimulus,250/18723,0.0006173976252411,0.0250487036526422,0.0211098924870997,FOS/JUN/TGFBR3/HSPA1A/ZFP36L2/LTBP4/ZFP36L1,7,7/108,G,LCa_disease_vs_ctrl,3.2094350453214804
BP,GO:0001558,regulation of cell growth,414/18723,0.0006582336813834,0.0261277579667984,0.0220192697097879,HSPA1A/HSPA1B/INHBA/BST2/LTBP4/SPAG9/RGS2/SMARCA2/RBBP7,9,9/108,G,LCa_disease_vs_ctrl,3.181619898910828
BP,GO:0060674,placenta blood vessel development,30/18723,0.0006765600463923,0.0261277579667984,0.0220192697097879,JUNB/NR2F2/HES1,3,3/108,G,LCa_disease_vs_ctrl,3.1696936526368473
BP,GO:0034605,cellular response to heat,69/18723,0.0006784937148068,0.0261277579667984,0.0220192697097879,HSPA1A/HSPA1B/DNAJB1/RBBP7,4,4/108,G,LCa_disease_vs_ctrl,3.1684541710512115
BP,GO:0071559,response to transforming growth factor beta,256/18723,0.0007100954156482,0.0268889464058788,0.0226607642291945,FOS/JUN/TGFBR3/HSPA1A/ZFP36L2/LTBP4/ZFP36L1,7,7/108,G,LCa_disease_vs_ctrl,3.148683291132577
BP,GO:0048710,regulation of astrocyte differentiation,31/18723,0.0007459182622041,0.0277823982250453,0.0234137242269077,HES1/ID2/LDLR,3,3/108,G,LCa_disease_vs_ctrl,3.1273087599517324
BP,GO:0007565,female pregnancy,193/18723,0.0008892230203476,0.032379303845985,0.0272877843290617,FOS/JUNB/NR2F2/RGS2/FOSB/CAPN2,6,6/108,G,LCa_disease_vs_ctrl,3.050989302742589
BP,GO:0045648,positive regulation of erythrocyte differentiation,33/18723,0.0008978416119265,0.032379303845985,0.0272877843290617,HSPA1A/HSPA1B/INHBA,3,3/108,G,LCa_disease_vs_ctrl,3.046800270385391
BP,GO:0046683,response to organophosphorus,131/18723,0.000973360875651,0.0337570074292709,0.0284488493855837,FOS/JUN/ZFP36L1/FOSB/AKR1C1,5,5/108,G,LCa_disease_vs_ctrl,3.011726114256845
BP,GO:0045685,regulation of glial cell differentiation,76/18723,0.0009763235226238,0.0337570074292709,0.0284488493855837,HES1/ID2/LDLR/DICER1,4,4/108,G,LCa_disease_vs_ctrl,3.010406247078782
BP,GO:0051085,chaperone cofactor-dependent protein refolding,34/18723,0.0009806172932798,0.0337570074292709,0.0284488493855837,HSPA1A/HSPA1B/DNAJB1,3,3/108,G,LCa_disease_vs_ctrl,3.0085004521975627
BP,GO:0060236,regulation of mitotic spindle organization,35/18723,0.0010680723318674,0.0362188110149669,0.0305235439382065,HSPA1A/HSPA1B/CHMP5,3,3/108,G,LCa_disease_vs_ctrl,2.971399335072286
BP,GO:1902105,regulation of leukocyte differentiation,279/18723,0.0011723328858784,0.0391503776825424,0.0329941331562938,FOS/JUN/ZFP36L2/INHBA/ZFP36L1/MAFB/ID2,7,7/108,G,LCa_disease_vs_ctrl,2.930949052163805
BP,GO:0006986,response to unfolded protein,137/18723,0.0011889859419434,0.0391503776825424,0.0329941331562938,HSPA1A/HSPA1B/DNAJB1/PPP1R15A/CREBRF,5,5/108,G,LCa_disease_vs_ctrl,2.9248232802614607
BP,GO:0048708,astrocyte differentiation,81/18723,0.0012384980440624,0.0401981079444263,0.0338771119120235,LAMC3/HES1/ID2/LDLR,4,4/108,G,LCa_disease_vs_ctrl,2.9071046749510367
BP,GO:0001892,embryonic placenta development,82/18723,0.0012962905541399,0.0414812977324776,0.0349585250997854,JUNB/NR2F2/ZFP36L1/HES1,4,4/108,G,LCa_disease_vs_ctrl,2.8872976435913897
BP,GO:0007623,circadian rhythm,210/18723,0.001372831463578,0.041652858292137,0.0351031084291129,EGR1/JUN/ID2/NR1D2/BHLHE41/FBXL3,6,6/108,G,LCa_disease_vs_ctrl,2.862382775895633
BP,GO:1903311,regulation of mRNA metabolic process,288/18723,0.0014070457020937,0.041652858292137,0.0351031084291129,ZFP36/RBM3/ZFP36L2/ZFP36L1/HNRNPM/SF3B4/RBM8A,7,7/108,G,LCa_disease_vs_ctrl,2.851691796065781
BP,GO:0006457,protein folding,212/18723,0.0014407871996525,0.041652858292137,0.0351031084291129,HSPA1A/HSPA1B/LTBP4/HSPB6/PPIB/DNAJB1,6,6/108,G,LCa_disease_vs_ctrl,2.841400158562329
BP,GO:0044403,biological process involved in symbiotic interaction,290/18723,0.0014638731133896,0.041652858292137,0.0351031084291129,JUN/HSPA1A/HSPA1B/GAPDH/PPIB/GSN/LDLR,7,7/108,G,LCa_disease_vs_ctrl,2.8344965657249768
BP,GO:0051084,'de novo' posttranslational protein folding,39/18723,0.0014666499398639,0.041652858292137,0.0351031084291129,HSPA1A/HSPA1B/DNAJB1,3,3/108,G,LCa_disease_vs_ctrl,2.833673531233179
BP,GO:0090224,regulation of spindle organization,39/18723,0.0014666499398639,0.041652858292137,0.0351031084291129,HSPA1A/HSPA1B/CHMP5,3,3/108,G,LCa_disease_vs_ctrl,2.833673531233179
BP,GO:0051346,negative regulation of hydrolase activity,379/18723,0.0015873889322105,0.0442437680783425,0.0372866077346669,GAPDH/BST2/ARL6IP1/KLF4/RGS2/BOD1/TIMP2/PPP1R15A,8,8/108,G,LCa_disease_vs_ctrl,2.799316652061543
BP,GO:0043484,regulation of RNA splicing,148/18723,0.0016734906901866,0.0442437680783425,0.0372866077346669,HSPA1A/RBM3/SRSF5/SF3B4/RBM8A,5,5/108,G,LCa_disease_vs_ctrl,2.776376699327616
BP,GO:0051384,response to glucocorticoid,148/18723,0.0016734906901866,0.0442437680783425,0.0372866077346669,FOS/ZFP36/ZFP36L2/ZFP36L1/FOSB,5,5/108,G,LCa_disease_vs_ctrl,2.776376699327616
BP,GO:0031647,regulation of protein stability,298/18723,0.0017093552546575,0.0442437680783425,0.0372866077346669,HSPA1A/HSPA1B/GAPDH/PPIB/GSN/PFN2/FBXL3,7,7/108,G,LCa_disease_vs_ctrl,2.7671676686404094
BP,GO:0048511,rhythmic process,298/18723,0.0017093552546575,0.0442437680783425,0.0372866077346669,EGR1/JUN/INHBA/ID2/NR1D2/BHLHE41/FBXL3,7,7/108,G,LCa_disease_vs_ctrl,2.7671676686404094
BP,GO:0042692,muscle cell differentiation,384/18723,0.0017234394354365,0.0442437680783425,0.0372866077346669,MYH11/SPAG9/HES1/RGS2/ID2/SGCB/CAPN2/BHLHE41,8,8/108,G,LCa_disease_vs_ctrl,2.763603973827188
BP,GO:0044706,multi-multicellular organism process,220/18723,0.0017386219907072,0.0442437680783425,0.0372866077346669,FOS/JUNB/NR2F2/RGS2/FOSB/CAPN2,6,6/108,G,LCa_disease_vs_ctrl,2.759794831565557
BP,GO:0045786,negative regulation of cell cycle,385/18723,0.0017517264413916,0.0442437680783425,0.0372866077346669,ZFP36L2/INHBA/NR2F2/KLF4/ZFP36L1/NUPR1/TIMP2/KANK2,8,8/108,G,LCa_disease_vs_ctrl,2.7565337145322197
BP,GO:0045687,positive regulation of glial cell differentiation,42/18723,0.0018193953518512,0.0451496841805897,0.0380500720554543,HES1/ID2/DICER1,3,3/108,G,LCa_disease_vs_ctrl,2.7400729191492403
BP,GO:0045638,negative regulation of myeloid cell differentiation,90/18723,0.0018282442537914,0.0451496841805897,0.0380500720554543,ZFP36/INHBA/ZFP36L1/MAFB,4,4/108,G,LCa_disease_vs_ctrl,2.7379657828978945
BP,GO:0016049,cell growth,482/18723,0.0018963692312896,0.0451548618432282,0.0380544355507932,HSPA1A/HSPA1B/INHBA/BST2/LTBP4/SPAG9/RGS2/SMARCA2/RBBP7,9,9/108,G,LCa_disease_vs_ctrl,2.722077099751281
BP,GO:0055006,cardiac cell development,91/18723,0.0019039122324719,0.0451548618432282,0.0380544355507932,TGFBR3/MYH11/RGS2/SGCB,4,4/108,G,LCa_disease_vs_ctrl,2.7203530758211336
BP,GO:0010001,glial cell differentiation,225/18723,0.0019471777068088,0.0451548618432282,0.0380544355507932,MXRA8/LAMC3/HES1/ID2/LDLR/DICER1,6,6/108,G,LCa_disease_vs_ctrl,2.710594411312729
BP,GO:0006458,'de novo' protein folding,43/18723,0.0019477009069702,0.0451548618432282,0.0380544355507932,HSPA1A/HSPA1B/DNAJB1,3,3/108,G,LCa_disease_vs_ctrl,2.710477733507372
BP,GO:0014014,negative regulation of gliogenesis,43/18723,0.0019477009069702,0.0451548618432282,0.0380544355507932,HES1/LDLR/DICER1,3,3/108,G,LCa_disease_vs_ctrl,2.710477733507372
BP,GO:2001239,regulation of extrinsic apoptotic signaling pathway in absence of ligand,43/18723,0.0019477009069702,0.0451548618432282,0.0380544355507932,HSPA1A/HSPA1B/INHBA,3,3/108,G,LCa_disease_vs_ctrl,2.710477733507372
BP,GO:0007519,skeletal muscle tissue development,155/18723,0.0020490444980189,0.0468236454218501,0.0394608094062015,FOS/EGR1/NR2F2/NUPR1/NR1D2,5,5/108,G,LCa_disease_vs_ctrl,2.688448610152136
BP,GO:0051591,response to cAMP,93/18723,0.0020617076944623,0.0468236454218501,0.0394608094062015,FOS/JUN/ZFP36L1/FOSB,4,4/108,G,LCa_disease_vs_ctrl,2.685772908247834
BP,GO:0060711,labyrinthine layer development,44/18723,0.0020815088853903,0.0468236454218501,0.0394608094062015,JUNB/ZFP36L1/HES1,3,3/108,G,LCa_disease_vs_ctrl,2.681621730889267
BP,GO:0035051,cardiocyte differentiation,156/18723,0.002107328382782,0.0469397067223607,0.0395586205188909,TGFBR3/MYH11/HES1/RGS2/SGCB,5,5/108,G,LCa_disease_vs_ctrl,2.6762677834626936
BP,GO:0071364,cellular response to epidermal growth factor stimulus,45/18723,0.0022209006816419,0.0489891878513638,0.0412858287164709,ZFP36/ZFP36L2/ZFP36L1,3,3/108,G,LCa_disease_vs_ctrl,2.6534708626038537
